{
  "Random Forest": {
    "accuracy": 0.986,
    "precision": 0.21428571428571427,
    "recall": 0.15,
    "f1": 0.17647058823529413,
    "f2": 0.1595744680851064,
    "mcc": 0.1723831434478185,
    "kappa": 0.16963226571767498,
    "tn": 1969,
    "fp": 11,
    "fn": 17,
    "tp": 3,
    "tpr": 0.15,
    "tnr": 0.9944444444444445,
    "fpr": 0.005555555555555556,
    "fnr": 0.85,
    "log_loss": 0.07892745460982052,
    "brier_score": 0.01427005,
    "roc_auc": 0.8499873737373738,
    "pr_auc": 0.11478031862174255,
    "optimal_threshold": 0.11,
    "optimal_tpr": 0.7,
    "optimal_fpr": 0.10656565656565657,
    "cost_savings": 0.99095,
    "total_cost": 181.0
  },
  "SVM": {
    "accuracy": 0.837,
    "precision": 0.047337278106508875,
    "recall": 0.8,
    "f1": 0.0893854748603352,
    "f2": 0.19138755980861244,
    "mcc": 0.16922631508171238,
    "kappa": 0.07185969707322626,
    "tn": 1658,
    "fp": 322,
    "fn": 4,
    "tp": 16,
    "tpr": 0.8,
    "tnr": 0.8373737373737373,
    "fpr": 0.16262626262626262,
    "fnr": 0.2,
    "log_loss": 0.4720537287315093,
    "brier_score": 0.14399095747555385,
    "roc_auc": 0.8732070707070707,
    "pr_auc": 0.1902570865928842,
    "optimal_threshold": 0.6463589338461543,
    "optimal_tpr": 0.8,
    "optimal_fpr": 0.08484848484848485,
    "cost_savings": 0.9819,
    "total_cost": 362.0
  },
  "Logistic Regression": {
    "accuracy": 0.809,
    "precision": 0.04060913705583756,
    "recall": 0.8,
    "f1": 0.07729468599033816,
    "f2": 0.16877637130801687,
    "mcc": 0.15237328449544782,
    "kappa": 0.05939131291243971,
    "tn": 1602,
    "fp": 378,
    "fn": 4,
    "tp": 16,
    "tpr": 0.8,
    "tnr": 0.8090909090909091,
    "fpr": 0.19090909090909092,
    "fnr": 0.2,
    "log_loss": 0.4577426959743419,
    "brier_score": 0.1434956291437724,
    "roc_auc": 0.88,
    "pr_auc": 0.4614816942726023,
    "optimal_threshold": 0.7315601154741631,
    "optimal_tpr": 0.75,
    "optimal_fpr": 0.05101010101010101,
    "cost_savings": 0.9791,
    "total_cost": 418.0
  },
  "HASTE": {
    "accuracy": 0.988,
    "precision": 0.375,
    "recall": 0.3,
    "f1": 0.3333333333333333,
    "f2": 0.3125,
    "mcc": 0.3294309696532784,
    "kappa": 0.32735426008968604,
    "tn": 1970,
    "fp": 10,
    "fn": 14,
    "tp": 6,
    "tpr": 0.3,
    "tnr": 0.9949494949494949,
    "fpr": 0.005050505050505051,
    "fnr": 0.7,
    "log_loss": 0.050003115866459766,
    "brier_score": 0.010431918776092647,
    "roc_auc": 0.8634848484848484,
    "pr_auc": 0.22360137053315057,
    "optimal_threshold": 0.005759261082857847,
    "optimal_tpr": 0.8,
    "optimal_fpr": 0.12474747474747475,
    "cost_savings": 0.9925,
    "total_cost": 150.0
  }
}