{
  "Random Forest": {
    "accuracy": 0.989,
    "precision": 0.25,
    "recall": 0.05,
    "f1": 0.08333333333333333,
    "f2": 0.05952380952380952,
    "mcc": 0.1079800120502326,
    "kappa": 0.08026755852842815,
    "tn": 1977,
    "fp": 3,
    "fn": 19,
    "tp": 1,
    "tpr": 0.05,
    "tnr": 0.9984848484848485,
    "fpr": 0.0015151515151515152,
    "fnr": 0.95,
    "log_loss": 0.07310811913217188,
    "brier_score": 0.013595699999999999,
    "roc_auc": 0.9015151515151515,
    "pr_auc": 0.14623375231435218,
    "optimal_threshold": 0.13,
    "optimal_tpr": 0.85,
    "optimal_fpr": 0.1191919191919192,
    "cost_savings": 0.99035,
    "total_cost": 193.0
  },
  "SVM": {
    "accuracy": 0.99,
    "precision": 0.5,
    "recall": 0.05,
    "f1": 0.09090909090909091,
    "f2": 0.06097560975609756,
    "mcc": 0.155810147469861,
    "kappa": 0.08925318761384338,
    "tn": 1979,
    "fp": 1,
    "fn": 19,
    "tp": 1,
    "tpr": 0.05,
    "tnr": 0.9994949494949495,
    "fpr": 0.000505050505050505,
    "fnr": 0.95,
    "log_loss": 0.06456705472238922,
    "brier_score": 0.008954454380116465,
    "roc_auc": 0.8955176767676767,
    "pr_auc": 0.36585918033310627,
    "optimal_threshold": 7.613978735896645e-05,
    "optimal_tpr": 0.85,
    "optimal_fpr": 0.07474747474747474,
    "cost_savings": 0.99045,
    "total_cost": 191.0
  },
  "Logistic Regression": {
    "accuracy": 0.665,
    "precision": 0.007575757575757576,
    "recall": 0.25,
    "f1": 0.014705882352941176,
    "f2": 0.033783783783783786,
    "mcc": -0.01709928765717814,
    "kappa": -0.0047990401919617565,
    "tn": 1325,
    "fp": 655,
    "fn": 15,
    "tp": 5,
    "tpr": 0.25,
    "tnr": 0.6691919191919192,
    "fpr": 0.33080808080808083,
    "fnr": 0.75,
    "log_loss": 0.6036155711182574,
    "brier_score": 0.20831135297280337,
    "roc_auc": 0.5019949494949496,
    "pr_auc": 0.009707086838775445,
    "optimal_threshold": 0.3354846984963574,
    "optimal_tpr": 0.85,
    "optimal_fpr": 0.6515151515151515,
    "cost_savings": 0.95975,
    "total_cost": 805.0
  },
  "HASTE": {
    "accuracy": 0.9905,
    "precision": 0.6666666666666666,
    "recall": 0.1,
    "f1": 0.17391304347826086,
    "f2": 0.12048192771084337,
    "mcc": 0.25579907463650875,
    "kappa": 0.17175239755884908,
    "tn": 1979,
    "fp": 1,
    "fn": 18,
    "tp": 2,
    "tpr": 0.1,
    "tnr": 0.9994949494949495,
    "fpr": 0.000505050505050505,
    "fnr": 0.9,
    "log_loss": 0.03768154982317131,
    "brier_score": 0.0073438006481877215,
    "roc_auc": 0.9112626262626263,
    "pr_auc": 0.4973112672016129,
    "optimal_threshold": 0.033574264496564865,
    "optimal_tpr": 0.9,
    "optimal_fpr": 0.046464646464646465,
    "cost_savings": 0.99095,
    "total_cost": 181.0
  }
}