model,f1,roc_auc,precision,recall,accuracy,mcc,tp,fp,fn,tn,total_cost,cost_savings
Random Forest,0.08333333333333333,0.9015151515151515,0.25,0.05,0.989,0.1079800120502326,1,3,19,1977,193.0,0.99035
SVM,0.09090909090909091,0.8955176767676767,0.5,0.05,0.99,0.155810147469861,1,1,19,1979,191.0,0.99045
Logistic Regression,0.014705882352941176,0.5019949494949496,0.007575757575757576,0.25,0.665,-0.01709928765717814,5,655,15,1325,805.0,0.95975
HASTE,0.17391304347826086,0.9112626262626263,0.6666666666666666,0.1,0.9905,0.25579907463650875,2,1,18,1979,181.0,0.99095
