{
  "Random Forest": {
    "accuracy": 0.981,
    "precision": 0.9212962962962963,
    "recall": 0.9045454545454545,
    "f1": 0.9128440366972477,
    "f2": 0.9078467153284672,
    "mcc": 0.9022306945067955,
    "kappa": 0.9021828665568369,
    "tn": 1763,
    "fp": 17,
    "fn": 21,
    "tp": 199,
    "tpr": 0.9045454545454545,
    "tnr": 0.9904494382022472,
    "fpr": 0.009550561797752809,
    "fnr": 0.09545454545454546,
    "log_loss": 0.11833552298943015,
    "brier_score": 0.023533250000000002,
    "roc_auc": 0.9871693054136874,
    "pr_auc": 0.9576719570083652,
    "optimal_threshold": 0.38,
    "optimal_tpr": 0.9318181818181818,
    "optimal_fpr": 0.02359550561797753,
    "cost_savings": 0.98865,
    "total_cost": 227.0
  },
  "SVM": {
    "accuracy": 0.9785,
    "precision": 0.8798283261802575,
    "recall": 0.9318181818181818,
    "f1": 0.9050772626931567,
    "f2": 0.9209344115004492,
    "mcc": 0.893433488301811,
    "kappa": 0.8929655996415592,
    "tn": 1752,
    "fp": 28,
    "fn": 15,
    "tp": 205,
    "tpr": 0.9318181818181818,
    "tnr": 0.9842696629213483,
    "fpr": 0.015730337078651686,
    "fnr": 0.06818181818181818,
    "log_loss": 0.08039969648079717,
    "brier_score": 0.019053702149717466,
    "roc_auc": 0.9848672114402451,
    "pr_auc": 0.9627718729430607,
    "optimal_threshold": 0.5714061932737269,
    "optimal_tpr": 0.9318181818181818,
    "optimal_fpr": 0.012921348314606741,
    "cost_savings": 0.9911,
    "total_cost": 178.0
  },
  "Logistic Regression": {
    "accuracy": 0.515,
    "precision": 0.10106382978723404,
    "recall": 0.4318181818181818,
    "f1": 0.16379310344827586,
    "f2": 0.260989010989011,
    "mcc": -0.02689497102452475,
    "kappa": -0.017624842635333593,
    "tn": 935,
    "fp": 845,
    "fn": 125,
    "tp": 95,
    "tpr": 0.4318181818181818,
    "tnr": 0.5252808988764045,
    "fpr": 0.4747191011235955,
    "fnr": 0.5681818181818182,
    "log_loss": 0.6948889812171942,
    "brier_score": 0.25084562669060545,
    "roc_auc": 0.4720122574055159,
    "pr_auc": 0.12028833918524992,
    "optimal_threshold": 0.6381516965178006,
    "optimal_tpr": 0.022727272727272728,
    "optimal_fpr": 0.0050561797752808986,
    "cost_savings": 0.89525,
    "total_cost": 2095.0
  },
  "HASTE": {
    "accuracy": 0.985,
    "precision": 0.9481132075471698,
    "recall": 0.9136363636363637,
    "f1": 0.9305555555555556,
    "f2": 0.9203296703296703,
    "mcc": 0.9223494899597952,
    "kappa": 0.9221507162134108,
    "tn": 1769,
    "fp": 11,
    "fn": 19,
    "tp": 201,
    "tpr": 0.9136363636363637,
    "tnr": 0.9938202247191011,
    "fpr": 0.006179775280898876,
    "fnr": 0.08636363636363636,
    "log_loss": 0.06318674182630034,
    "brier_score": 0.013283156591427836,
    "roc_auc": 0.9847931562819204,
    "pr_auc": 0.9572190820127154,
    "optimal_threshold": 0.3124977946281433,
    "optimal_tpr": 0.9227272727272727,
    "optimal_fpr": 0.010674157303370787,
    "cost_savings": 0.98995,
    "total_cost": 201.0
  }
}