{
  "Random Forest": {
    "accuracy": 0.9255,
    "precision": 0.7771428571428571,
    "recall": 0.9272727272727272,
    "f1": 0.8455958549222798,
    "f2": 0.8927789934354485,
    "mcc": 0.8024011950053307,
    "kappa": 0.7970027247956404,
    "tn": 1443,
    "fp": 117,
    "fn": 32,
    "tp": 408,
    "tpr": 0.9272727272727272,
    "tnr": 0.925,
    "fpr": 0.075,
    "fnr": 0.07272727272727272,
    "log_loss": 0.26080648518842947,
    "brier_score": 0.07095985,
    "roc_auc": 0.9649803321678321,
    "pr_auc": 0.910556887281098,
    "optimal_threshold": 0.52,
    "optimal_tpr": 0.9227272727272727,
    "optimal_fpr": 0.06987179487179487,
    "cost_savings": 0.97815,
    "total_cost": 437.0
  },
  "SVM": {
    "accuracy": 0.9145,
    "precision": 0.789247311827957,
    "recall": 0.8340909090909091,
    "f1": 0.8110497237569061,
    "f2": 0.8247191011235955,
    "mcc": 0.7563357575846726,
    "kappa": 0.7558537978298115,
    "tn": 1462,
    "fp": 98,
    "fn": 73,
    "tp": 367,
    "tpr": 0.8340909090909091,
    "tnr": 0.9371794871794872,
    "fpr": 0.06282051282051282,
    "fnr": 0.16590909090909092,
    "log_loss": 0.20002070549948517,
    "brier_score": 0.05906420961442049,
    "roc_auc": 0.9611924533799534,
    "pr_auc": 0.9156666014407447,
    "optimal_threshold": 0.22494927258961067,
    "optimal_tpr": 0.9090909090909091,
    "optimal_fpr": 0.11474358974358974,
    "cost_savings": 0.9586,
    "total_cost": 828.0
  },
  "Logistic Regression": {
    "accuracy": 0.5195,
    "precision": 0.22433862433862434,
    "recall": 0.4818181818181818,
    "f1": 0.3061371841155235,
    "f2": 0.39186691312384475,
    "mcc": 0.009912497273999588,
    "kappa": 0.008460586050350827,
    "tn": 827,
    "fp": 733,
    "fn": 228,
    "tp": 212,
    "tpr": 0.4818181818181818,
    "tnr": 0.5301282051282051,
    "fpr": 0.46987179487179487,
    "fnr": 0.5181818181818182,
    "log_loss": 0.6941839356070584,
    "brier_score": 0.25049937477329753,
    "roc_auc": 0.5018662587412588,
    "pr_auc": 0.254788638672028,
    "optimal_threshold": 0.5697281536322687,
    "optimal_tpr": 0.09545454545454546,
    "optimal_fpr": 0.047435897435897434,
    "cost_savings": 0.84935,
    "total_cost": 3013.0
  },
  "HASTE": {
    "accuracy": 0.9365,
    "precision": 0.8699763593380615,
    "recall": 0.8363636363636363,
    "f1": 0.8528389339513326,
    "f2": 0.8428767750801649,
    "mcc": 0.8126307578425402,
    "kappa": 0.8123744238269708,
    "tn": 1505,
    "fp": 55,
    "fn": 72,
    "tp": 368,
    "tpr": 0.8363636363636363,
    "tnr": 0.9647435897435898,
    "fpr": 0.035256410256410256,
    "fnr": 0.16363636363636364,
    "log_loss": 0.17421794786029585,
    "brier_score": 0.047070802014861655,
    "roc_auc": 0.9693662587412587,
    "pr_auc": 0.9343004162024732,
    "optimal_threshold": 0.2931755781173706,
    "optimal_tpr": 0.875,
    "optimal_fpr": 0.05576923076923077,
    "cost_savings": 0.96125,
    "total_cost": 775.0
  }
}