{
  "dataset": "paysim",
  "timestamp": "2026-02-07 23:44:59",
  "data_statistics": {
    "total_samples": 10000,
    "fraud_rate": 0.01,
    "n_features": 30,
    "train_samples": 13860,
    "val_samples": 1000,
    "test_samples": 2000
  },
  "base_models": {
    "Random Forest": {
      "accuracy": 0.986,
      "f1": 0.17647058823529413,
      "auc": 0.8499873737373738
    },
    "SVM": {
      "accuracy": 0.837,
      "f1": 0.0893854748603352,
      "auc": 0.8732070707070707
    },
    "Logistic Regression": {
      "accuracy": 0.809,
      "f1": 0.07729468599033816,
      "auc": 0.88
    }
  },
  "haste": {
    "accuracy": 0.988,
    "f1": 0.3333333333333333,
    "auc": 0.8634848484848484
  }
}